id,name,phone,address,latitude,longitude,createdAt,updatedAt,version
C0001,Nguyen An,0912345678,"12 Street 1, Hanoi",21.0285,105.8542,2026-08-01T10:00:00,2026-09-09T10:00:00,1
C0002,Tran Binh,0923456789,"45 Street 2, Hanoi",21.0312,105.8421,2026-08-01T10:00:00,2026-09-09T10:00:00,1
C0003,Le Cuong,0934567890,"78 Street 3, Hanoi",21.0154,105.8612,2026-08-01T10:00:00,2026-09-09T10:00:00,1
C0004,Pham Dung,0945678901,"101 Street 4, Hanoi",21.0421,105.8310,2026-08-01T10:00:00,2026-09-09T10:00:00,1
C0005,Hoang Em,0956789012,"15 Street 5, Hanoi",21.0250,105.8500,2026-08-01T10:00:00,2026-09-09T10:00:00,1
C0006,Vu Phuong,0967890123,"88 Street 6, Hanoi",21.0380,105.8200,2026-08-01T10:00:00,2026-09-09T10:00:00,1
C0007,Vo Giang,0978901234,"23 Street 7, Hanoi",21.0190,105.8700,2026-08-01T10:00:00,2026-09-09T10:00:00,1
C0008,Dinh Hoa,0989012345,"67 Street 8, Hanoi",21.0450,105.8150,2026-08-01T10:00:00,2026-09-09T10:00:00,1
C0009,Bui Hung,0990123456,"90 Street 9, Hanoi",21.0210,105.8450,2026-08-01T10:00:00,2026-09-09T10:00:00,1
C0010,Do Khanh,0901234567,"34 Street 10, Hanoi",21.0350,105.8350,2026-08-01T10:00:00,2026-09-09T10:00:00,1
C0011,Nguyen Linh,0912345679,"14 Street 11, Hanoi",21.0290,105.8550,2026-08-01T10:00:00,2026-09-09T10:00:00,1
C0012,Tran Minh,0923456790,"46 Street 12, DaNang",21.0320,105.8430,2026-08-01T10:00:00,2026-09-09T10:00:00,1
C0013,Le Nam,0934567891,"79 Street 13, Hanoi",21.0160,105.8620,2026-08-01T10:00:00,2026-09-09T10:00:00,1
C0014,Pham Oanh,0945678902,"102 Street 14, Hanoi",21.0430,105.8320,2026-08-01T10:00:00,2026-09-09T10:00:00,1
C0015,Hoang Quan,0956789013,"16 Street 15, HoChiMinh",21.0260,105.8510,2026-08-01T10:00:00,2026-09-09T10:00:00,1