id,name,phone,status,latitude,longitude,currentOrderId,createdAt,updatedAt,version
D001,Driver Nguyen Van Hung,0812345678,AVAILABLE,21.0280,105.8540,,2026-06-01T08:00:00,2026-09-09T10:00:00,1
D002,Driver Tran Minh Tuan,0823456789,AVAILABLE,21.0310,105.8420,,2026-06-01T08:00:00,2026-09-09T10:00:00,1
D003,Driver Le Hoang Nam,0834567890,AVAILABLE,21.0150,105.8610,,2026-06-01T08:00:00,2026-09-09T10:00:00,1
D004,Driver Pham Duc Anh,0845678901,AVAILABLE,21.0420,105.8310,,2026-06-01T08:00:00,2026-09-09T10:00:00,1
D005,Driver Hoang Quoc Bao,0856789012,AVAILABLE,21.0250,105.8500,,2026-06-01T08:00:00,2026-09-09T10:00:00,1
D006,Driver Vu Tien Dat,0867890123,AVAILABLE,21.0380,105.8200,,2026-06-01T08:00:00,2026-09-09T10:00:00,1
D007,Driver Vo Chi Thanh,0878901234,AVAILABLE,21.0190,105.8700,,2026-06-01T08:00:00,2026-09-09T10:00:00,1
D008,Driver Dinh Viet Khoa,0889012345,AVAILABLE,21.0450,105.8150,,2026-06-01T08:00:00,2026-09-09T10:00:00,1
D009,Driver Bui Quang Hai,0890123456,AVAILABLE,21.0210,105.8450,,2026-06-01T08:00:00,2026-09-09T10:00:00,1
D010,Driver Do Hoang Long,0801234567,AVAILABLE,21.0350,105.8350,,2026-06-01T08:00:00,2026-09-09T10:00:00,1