id,restaurantId,name,price,stockQty,createdAt,updatedAt,version
M0001,R001,Pho Bo Tai Chin,4.5,100,2026-07-01T08:00:00,2026-09-09T10:00:00,1
M0002,R001,Pho Bo Dac Biet,5.5,100,2026-07-01T08:00:00,2026-09-09T10:00:00,1
M0003,R001,Quay Giòn (2 cái),0.5,200,2026-07-01T08:00:00,2026-09-09T10:00:00,1
M0004,R002,Bun Cha Dac Biet,4.0,80,2026-07-01T08:00:00,2026-09-09T10:00:00,1
M0005,R002,Nem Cua Biet,1.5,150,2026-07-01T08:00:00,2026-09-09T10:00:00,1
M0006,R003,Banh Mi Thit Nuong,2.0,120,2026-07-01T08:00:00,2026-09-09T10:00:00,1
M0007,R003,Banh Mi Pate Dac Biet,2.5,120,2026-07-01T08:00:00,2026-09-09T10:00:00,1
M0008,R004,Com Tam Suong Bi Cha,3.8,90,2026-07-01T08:00:00,2026-09-09T10:00:00,1
M0009,R005,Four Cheese Pizza,12.0,50,2026-07-01T08:00:00,2026-09-09T10:00:00,1
M0010,R007,Trà Sữa Oolong 3Q,2.8,200,2026-07-01T08:00:00,2026-09-09T10:00:00,1