id,name,address,latitude,longitude,rating,createdAt,updatedAt,version
R001,Pho Thin 13,"13 Lo Duc, Hanoi",21.0185,105.8562,4.8,2026-07-01T08:00:00,2026-09-09T10:00:00,1
R002,Bun Cha Huong Lien,"24 Le Van Huu, Hanoi",21.0175,105.8530,4.7,2026-07-01T08:00:00,2026-09-09T10:00:00,1
R003,Banh Mi 25,"25 Hang Ca, Hanoi",21.0350,105.8490,4.9,2026-07-01T08:00:00,2026-09-09T10:00:00,1
R004,Com Tam Sai Gon,"102 Thai Thinh, Hanoi",21.0120,105.8150,4.5,2026-07-01T08:00:00,2026-09-09T10:00:00,1
R005,Pizza 4Ps,"15 Phan Chu Trinh, Hanoi",21.0230,105.8570,4.9,2026-07-01T08:00:00,2026-09-09T10:00:00,1
R006,Lotteria Cau Giay,"201 Cau Giay, Hanoi",21.0360,105.7980,4.2,2026-07-01T08:00:00,2026-09-09T10:00:00,1
R007,Ding Tea Hoan Kiem,"5 Hang Bai, Hanoi",21.0240,105.8530,4.4,2026-07-01T08:00:00,2026-09-09T10:00:00,1
R008,Sushi Kei,"10 Ba Trieu, Hanoi",21.0210,105.8510,4.6,2026-07-01T08:00:00,2026-09-09T10:00:00,1
R009,Gogi House,"12 Huynh Thuc Kang, Hanoi",21.0190,105.8120,4.7,2026-07-01T08:00:00,2026-09-09T10:00:00,1
R010,Kichi Kichi,"8 Pham Ngoc Thach, Hanoi",21.0080,105.8320,4.6,2026-07-01T08:00:00,2026-09-09T10:00:00,1